{
  "version": 1,
  "author": "Nidhi Asthana",
  "editor": "wokwi",
  "parts": [
    { "type": "wokwi-esp32-devkit-v1", "id": "esp", "top": 34.67, "left": -105.33, "attrs": {} },
    {
      "type": "wokwi-membrane-keypad",
      "id": "keypad1",
      "top": -263.73,
      "left": 59.06,
      "attrs": {}
    }
  ],
  "connections": [
    [ "esp:TX0", "$serialMonitor:RX", "", [] ],
    [ "esp:RX0", "$serialMonitor:TX", "", [] ],
    [ "keypad1:C4", "esp:D15", "violet", [ "v0" ] ],
    [ "keypad1:C3", "esp:D2", "blue", [ "v0" ] ],
    [ "keypad1:C2", "esp:D4", "green", [ "v0" ] ],
    [ "keypad1:C1", "esp:RX2", "gold", [ "v0" ] ],
    [ "keypad1:R4", "esp:TX2", "orange", [ "v0" ] ],
    [ "keypad1:R3", "esp:D5", "red", [ "v0" ] ],
    [ "keypad1:R2", "esp:D18", "#8f4814", [ "v0" ] ],
    [ "keypad1:R1", "esp:D19", "black", [ "v0" ] ]
  ],
  "dependencies": {}
}